train_acc,train_loss,val_acc,val_loss
0.03037894736842105,4.3449116,0.06360000000000002,4.084124
0.07711578947368422,3.9829698,0.10559999999999999,3.7843475
0.12618947368421052,3.6995616,0.14120000000000002,3.560784
0.1616421052631579,3.469155,0.17920000000000003,3.3543298
0.19098947368421051,3.2860854,0.2164,3.219578
