train_acc,train_loss,val_acc,val_loss
0.008926315789473685,4.6086307,0.009600000000000001,4.6064487
