train_acc,train_loss,val_acc,val_loss
0.008926315789473685,4.6086307,0.009600000000000001,4.606448
0.008673684210526316,4.606455,0.0076,4.6062684
0.008799999999999999,4.606135,0.0096,4.606618
0.009452631578947369,4.606072,0.007600000000000001,4.606983
0.009010526315789472,4.605924,0.007600000000000001,4.606859
